{
"hi":"*ʜɪɪ ᴍʏ ғʀɪᴇɴᴅ ʜᴏᴡ ᴄᴀɴ ɪ ʜᴇʟᴘ ʏᴏᴜ ʜᴀᴄᴋᴇʀ ᴛᴇᴀᴍ ɪs ʙᴀᴄᴋ* 👑❤️",
"silent":"*ʏᴇᴀsʜ sɪʟᴇɴᴛ ɪs ʜᴇʀᴇ ᴍᴏʟɴɪɴɢ ᴅᴇᴀʀ* 🥹🩷",
"usman":"*ʏᴇᴀsʜ ᴊᴀᴀɴ*☺️",
"ok":"*HMMM*😊♥️",
"Okey":"*AHMM*💙🥲",
"love you":"*LOVE YOU TOO...🥺💙*",
"good morning":"*MOLNING JAAN...❤️*", 
".sad":"*MEIN L LIKHA TENU WR JAYY😁*",
"ʜᴀᴄᴋᴇʀ-ᴛᴇᴀᴍ-MD":"*© ᴄʀᴇᴀᴛᴇᴅ ʙʏ ʜᴀᴄᴋᴇʀ ᴛᴇᴀᴍ...⁴³²*"
}
